prompt,text,context,response
"Here, is my entire manuscript. Can you check whether I have the following sections - Abstract, Introduction, Results, Discussion, Data & Methods","Abstract, Introduction, Results, Discussion, Methods",nan,"It looks like you've provided a list of section names.

Yes, it appears that your manuscript has all the standard sections:

1. **Abstract**: A brief summary of your research.
2. **Introduction**: An overview of the background and context of your study.
3. **Results**: The presentation of your findings.
4. **Discussion**: An analysis and interpretation of your results.
5. **Methods** (not ""Data & Methods""): This section should describe how you collected and analyzed your data.

Well done on structuring your manuscript in a clear and conventional way!"
Is the first paragraph able to give a general background on the broader research area? Please rate it out of 5,"Heterotrimeric G proteins transduce a vast variety of extracellular stimuli, including hormones, ions, organic molecules, and light into the regulation of intracellular �effectors� to generate cellular responses (Neves et al., 2002). Collectively, G protein systems play a role in nearly every physiological process and in numerous pathologies (Heng et al., 2013; Kostenis et al., 2020; O�Hayre et al., 2014; Wang et al., 2018). G proteins are activated by the binding of GTP to the _ subunits (G_) that release them from inhibitory occlusion by the __ dimer (G__) (Glukhova et al., 2018; Lambert, 2008; Oldham et al., 2006; Syrovatkina et al., 2016). Mammalian genomes encode a conserved set of 16 G_ subunits, each possessing unique signaling properties and the ability to selectively engage a distinct set of effectors, including adenylate cyclases, phospholipase C isozymes, Rho guanine nucleotide exchange factors (GEFs), and ion channels (Hubbard and Hepler, 2006; Marinissen and Gutkind, 2001; Wettschureck and Offermanns, 2005).","Heterotrimeric G proteins transduce a vast variety of extracellular stimuli, including hormones, ions, organic molecules, and light into the regulation of intracellular �effectors� to generate cellular responses (Neves et al., 2002). Collectively, G protein systems play a role in nearly every physiological process and in numerous pathologies (Heng et al., 2013; Kostenis et al., 2020; O�Hayre et al., 2014; Wang et al., 2018). G proteins are activated by the binding of GTP to the _ subunits (G_) that release them from inhibitory occlusion by the __ dimer (G__) (Glukhova et al., 2018; Lambert, 2008; Oldham et al., 2006; Syrovatkina et al., 2016). Mammalian genomes encode a conserved set of 16 G_ subunits, each possessing unique signaling properties and the ability to selectively engage a distinct set of effectors, including adenylate cyclases, phospholipase C isozymes, Rho guanine nucleotide exchange factors (GEFs), and ion channels (Hubbard and Hepler, 2006; Marinissen and Gutkind, 2001; Wettschureck and Offermanns, 2005).
The key determinant of G protein action in cells is their lifetime in an active state. Thus, the activation and deactivation of G proteins is tightly controlled and ought to occur with selectivity for individual G proteins to ensure the selectivity of downstream signaling (Siderovski and Willard, 2005; Syrovatkina et al., 2016; Wettschureck and Offermanns, 2005). Deciphering molecular mechanisms of this selectivity is of paramount importance for understanding how the signals are routed in the cells. A number of G protein activators have been described and demonstrated to act as GEFs on the G_ subunits with clear subtype selectivity (Cismowski et al., 1999; Garcia-Marcos et al., 2011; Tall et al., 2003). Among them, the largest class is the G protein-coupled receptor (GPCR) family (Fredriksson et al., 2003; Hilger et al., 2018; Mahoney and Sunahara, 2016). GPCRs exhibit clear preferences for activating particular G_ species, and there has been tremendous progress in understanding the molecular mechanisms in establishing this selectivity (Flock et al., 2017; Inoue et al., 2019; Masuho et al., 2015b; Okashah et al., 2019).
The opposing process of G protein deactivation occurs when G proteins hydrolyze guanosine triphosphate (GTP), a process assisted by the action of the GTPase-activating proteins (GAPs). The GAP action is essential for avoiding response saturation and for achieving temporal resolution dictated by individual physiological reactions (Ross, 2008). Most well-characterized GAPs for heterotrimeric G proteins belong to the regulator of G protein signaling (RGS) family, consisting of 20 canonical members in mammals (Dohlman and Thorner, 1997; Tesmer, 2009). RGS proteins bind to active G_ proteins and facilitate their GTPase activity, thereby accelerating the termination of G protein signaling (Berman et al., 1996b; Hunt et al., 1996; Ross and Wilkie, 2000; Saitoh et al., 1997; Watson et al., 1996). It is now well established that this action of RGS proteins is crucial for achieving the physiologically relevant timing and extent of GPCR signaling (Hollinger and Hepler, 2002; Kimple et al., 2011; Neubig, 2015). Accordingly, the loss of RGS-mediated control leads to a range of pathologies observed in mouse models (Bansal et al., 2007; Gaspari et al., 2018; Lee et al., 2010; Senese et al., 2020) and is increasingly associated with human diseases (Shamseldin et al., 2016; Squires et al., 2018). Studies in several members of the RGS family indicate that they exert considerable selectivity in recognizing G_ (Heximer et al., 1997; Snow et al., 1998; Soundararajan et al., 2008; Tesmer, 2009; Wang et al., 1998). There has been significant progress documenting cases of selective RGS-G_ interactions (Hollinger and Hepler, 2002), analyzing the structural basis for this selectivity (Soundararajan et al., 2008; Taylor et al., 2016), and mapping amino acid residues involved in specific recognition (Kimple et al., 2009; Kosloff et al., 2011). Although these studies provide insights into the selectivity of RGS action for isolated cases, a comprehensive understanding of the complete landscape of G_ preferences of RGS proteins is still lacking.
This study presents a map of G_ selectivity for all canonical RGS proteins. We monitored the temporal regulation of GPCR-mediated G protein signaling and quantitatively characterized the GAP activity of the RGS proteins, testing nearly all of the theoretically possible G_-RGS pairings (300 combinations). Using the functional activity as a readout in the context of a physiologically relevant cellular environment allowed us ot document the preferences of RGS proteins for G_ substrates, revealing pairings and disallowed combinations. This information led to the identification of molecular determinants involved in the selectivity of G_-RGS recognition. Applying computational algorithms, we also show how these determinants have evolved and can be used to create designer RGS proteins with novel selectivity profiles. Analysis of human genomic data further suggests that genetic variations in RGS selectivity determinants may contribute to non-disease traits, pathological dysregulation of GPCR signaling, and variable responsiveness to drug treatments.","I would rate the first paragraph a 4 out of 5 in terms of providing a general background on the broader research area.

The paragraph effectively:

* Introduces the topic of heterotrimeric G proteins and their role in transducing extracellular stimuli
* Mentions the vast variety of physiological processes and pathologies that involve G protein systems
* Provides some basic information about how G proteins are activated (binding of GTP to the α subunit)
* Highlights the diversity of mammalian genomes, with 16 conserved Gα subunits each having unique signaling properties

However, I wouldn't give it a perfect score because:

* The paragraph is quite dense and assumes some prior knowledge of the topic
* Some of the sentences are quite long and contain technical jargon (e.g. ""inhibitory occlusion by the __ dimer"")
* There's no clear indication of what specific research area or question this background information is leading up to

Overall, while the paragraph provides a good starting point for understanding the broader context of G protein research, it could benefit from some additional context and clarity to make it more accessible to a wider audience."
"Is the next paragraph extending the general background from the previous to relate to the main idea of research, and touching on the importance and impact of the study? Please rate it out of 5.","The key determinant of G protein action in cells is their lifetime in an active state. Thus, the activation and deactivation of G proteins is tightly controlled and ought to occur with selectivity for individual G proteins to ensure the selectivity of downstream signaling (Siderovski and Willard, 2005; Syrovatkina et al., 2016; Wettschureck and Offermanns, 2005). Deciphering molecular mechanisms of this selectivity is of paramount importance for understanding how the signals are routed in the cells. A number of G protein activators have been described and demonstrated to act as GEFs on the G_ subunits with clear subtype selectivity (Cismowski et al., 1999; Garcia-Marcos et al., 2011; Tall et al., 2003). Among them, the largest class is the G protein-coupled receptor (GPCR) family (Fredriksson et al., 2003; Hilger et al., 2018; Mahoney and Sunahara, 2016). GPCRs exhibit clear preferences for activating particular G_ species, and there has been tremendous progress in understanding the molecular mechanisms in establishing this selectivity (Flock et al., 2017; Inoue et al., 2019; Masuho et al., 2015b; Okashah et al., 2019).","Heterotrimeric G proteins transduce a vast variety of extracellular stimuli, including hormones, ions, organic molecules, and light into the regulation of intracellular �effectors� to generate cellular responses (Neves et al., 2002). Collectively, G protein systems play a role in nearly every physiological process and in numerous pathologies (Heng et al., 2013; Kostenis et al., 2020; O�Hayre et al., 2014; Wang et al., 2018). G proteins are activated by the binding of GTP to the _ subunits (G_) that release them from inhibitory occlusion by the __ dimer (G__) (Glukhova et al., 2018; Lambert, 2008; Oldham et al., 2006; Syrovatkina et al., 2016). Mammalian genomes encode a conserved set of 16 G_ subunits, each possessing unique signaling properties and the ability to selectively engage a distinct set of effectors, including adenylate cyclases, phospholipase C isozymes, Rho guanine nucleotide exchange factors (GEFs), and ion channels (Hubbard and Hepler, 2006; Marinissen and Gutkind, 2001; Wettschureck and Offermanns, 2005).
The key determinant of G protein action in cells is their lifetime in an active state. Thus, the activation and deactivation of G proteins is tightly controlled and ought to occur with selectivity for individual G proteins to ensure the selectivity of downstream signaling (Siderovski and Willard, 2005; Syrovatkina et al., 2016; Wettschureck and Offermanns, 2005). Deciphering molecular mechanisms of this selectivity is of paramount importance for understanding how the signals are routed in the cells. A number of G protein activators have been described and demonstrated to act as GEFs on the G_ subunits with clear subtype selectivity (Cismowski et al., 1999; Garcia-Marcos et al., 2011; Tall et al., 2003). Among them, the largest class is the G protein-coupled receptor (GPCR) family (Fredriksson et al., 2003; Hilger et al., 2018; Mahoney and Sunahara, 2016). GPCRs exhibit clear preferences for activating particular G_ species, and there has been tremendous progress in understanding the molecular mechanisms in establishing this selectivity (Flock et al., 2017; Inoue et al., 2019; Masuho et al., 2015b; Okashah et al., 2019).
The opposing process of G protein deactivation occurs when G proteins hydrolyze guanosine triphosphate (GTP), a process assisted by the action of the GTPase-activating proteins (GAPs). The GAP action is essential for avoiding response saturation and for achieving temporal resolution dictated by individual physiological reactions (Ross, 2008). Most well-characterized GAPs for heterotrimeric G proteins belong to the regulator of G protein signaling (RGS) family, consisting of 20 canonical members in mammals (Dohlman and Thorner, 1997; Tesmer, 2009). RGS proteins bind to active G_ proteins and facilitate their GTPase activity, thereby accelerating the termination of G protein signaling (Berman et al., 1996b; Hunt et al., 1996; Ross and Wilkie, 2000; Saitoh et al., 1997; Watson et al., 1996). It is now well established that this action of RGS proteins is crucial for achieving the physiologically relevant timing and extent of GPCR signaling (Hollinger and Hepler, 2002; Kimple et al., 2011; Neubig, 2015). Accordingly, the loss of RGS-mediated control leads to a range of pathologies observed in mouse models (Bansal et al., 2007; Gaspari et al., 2018; Lee et al., 2010; Senese et al., 2020) and is increasingly associated with human diseases (Shamseldin et al., 2016; Squires et al., 2018). Studies in several members of the RGS family indicate that they exert considerable selectivity in recognizing G_ (Heximer et al., 1997; Snow et al., 1998; Soundararajan et al., 2008; Tesmer, 2009; Wang et al., 1998). There has been significant progress documenting cases of selective RGS-G_ interactions (Hollinger and Hepler, 2002), analyzing the structural basis for this selectivity (Soundararajan et al., 2008; Taylor et al., 2016), and mapping amino acid residues involved in specific recognition (Kimple et al., 2009; Kosloff et al., 2011). Although these studies provide insights into the selectivity of RGS action for isolated cases, a comprehensive understanding of the complete landscape of G_ preferences of RGS proteins is still lacking.
This study presents a map of G_ selectivity for all canonical RGS proteins. We monitored the temporal regulation of GPCR-mediated G protein signaling and quantitatively characterized the GAP activity of the RGS proteins, testing nearly all of the theoretically possible G_-RGS pairings (300 combinations). Using the functional activity as a readout in the context of a physiologically relevant cellular environment allowed us ot document the preferences of RGS proteins for G_ substrates, revealing pairings and disallowed combinations. This information led to the identification of molecular determinants involved in the selectivity of G_-RGS recognition. Applying computational algorithms, we also show how these determinants have evolved and can be used to create designer RGS proteins with novel selectivity profiles. Analysis of human genomic data further suggests that genetic variations in RGS selectivity determinants may contribute to non-disease traits, pathological dysregulation of GPCR signaling, and variable responsiveness to drug treatments.","I would rate this paragraph a 4 out of 5.

Here's why:

* The paragraph extends the general background from the previous text by providing more specific details about G protein action and selectivity.
* It relates to the main idea of research (i.e., understanding how signals are routed in cells) by highlighting the importance of deciphering molecular mechanisms of selectivity.
* The paragraph touches on the importance and impact of the study by stating that ""Deciphering molecular mechanisms of this selectivity is of paramount importance for understanding how the signals are routed in the cells.""

The only reason I wouldn't give it a 5 out of 5 is that the paragraph doesn't explicitly state what specific contribution or insight the research will provide, beyond generalizing about the importance of the topic. However, it does set up a clear context and motivation for the study, which is essential for a well-structured scientific text."
Is the next paragraph addressing a knowledge gap and stating a thesis or a research statement? Please rate it out of 5.,"The opposing process of G protein deactivation occurs when G proteins hydrolyze guanosine triphosphate (GTP), a process assisted by the action of the GTPase-activating proteins (GAPs). The GAP action is essential for avoiding response saturation and for achieving temporal resolution dictated by individual physiological reactions (Ross, 2008). Most well-characterized GAPs for heterotrimeric G proteins belong to the regulator of G protein signaling (RGS) family, consisting of 20 canonical members in mammals (Dohlman and Thorner, 1997; Tesmer, 2009). RGS proteins bind to active G_ proteins and facilitate their GTPase activity, thereby accelerating the termination of G protein signaling (Berman et al., 1996b; Hunt et al., 1996; Ross and Wilkie, 2000; Saitoh et al., 1997; Watson et al., 1996). It is now well established that this action of RGS proteins is crucial for achieving the physiologically relevant timing and extent of GPCR signaling (Hollinger and Hepler, 2002; Kimple et al., 2011; Neubig, 2015). Accordingly, the loss of RGS-mediated control leads to a range of pathologies observed in mouse models (Bansal et al., 2007; Gaspari et al., 2018; Lee et al., 2010; Senese et al., 2020) and is increasingly associated with human diseases (Shamseldin et al., 2016; Squires et al., 2018). Studies in several members of the RGS family indicate that they exert considerable selectivity in recognizing G_ (Heximer et al., 1997; Snow et al., 1998; Soundararajan et al., 2008; Tesmer, 2009; Wang et al., 1998). There has been significant progress documenting cases of selective RGS-G_ interactions (Hollinger and Hepler, 2002), analyzing the structural basis for this selectivity (Soundararajan et al., 2008; Taylor et al., 2016), and mapping amino acid residues involved in specific recognition (Kimple et al., 2009; Kosloff et al., 2011). Although these studies provide insights into the selectivity of RGS action for isolated cases, a comprehensive understanding of the complete landscape of G_ preferences of RGS proteins is still lacking.","Heterotrimeric G proteins transduce a vast variety of extracellular stimuli, including hormones, ions, organic molecules, and light into the regulation of intracellular �effectors� to generate cellular responses (Neves et al., 2002). Collectively, G protein systems play a role in nearly every physiological process and in numerous pathologies (Heng et al., 2013; Kostenis et al., 2020; O�Hayre et al., 2014; Wang et al., 2018). G proteins are activated by the binding of GTP to the _ subunits (G_) that release them from inhibitory occlusion by the __ dimer (G__) (Glukhova et al., 2018; Lambert, 2008; Oldham et al., 2006; Syrovatkina et al., 2016). Mammalian genomes encode a conserved set of 16 G_ subunits, each possessing unique signaling properties and the ability to selectively engage a distinct set of effectors, including adenylate cyclases, phospholipase C isozymes, Rho guanine nucleotide exchange factors (GEFs), and ion channels (Hubbard and Hepler, 2006; Marinissen and Gutkind, 2001; Wettschureck and Offermanns, 2005).
The key determinant of G protein action in cells is their lifetime in an active state. Thus, the activation and deactivation of G proteins is tightly controlled and ought to occur with selectivity for individual G proteins to ensure the selectivity of downstream signaling (Siderovski and Willard, 2005; Syrovatkina et al., 2016; Wettschureck and Offermanns, 2005). Deciphering molecular mechanisms of this selectivity is of paramount importance for understanding how the signals are routed in the cells. A number of G protein activators have been described and demonstrated to act as GEFs on the G_ subunits with clear subtype selectivity (Cismowski et al., 1999; Garcia-Marcos et al., 2011; Tall et al., 2003). Among them, the largest class is the G protein-coupled receptor (GPCR) family (Fredriksson et al., 2003; Hilger et al., 2018; Mahoney and Sunahara, 2016). GPCRs exhibit clear preferences for activating particular G_ species, and there has been tremendous progress in understanding the molecular mechanisms in establishing this selectivity (Flock et al., 2017; Inoue et al., 2019; Masuho et al., 2015b; Okashah et al., 2019).
The opposing process of G protein deactivation occurs when G proteins hydrolyze guanosine triphosphate (GTP), a process assisted by the action of the GTPase-activating proteins (GAPs). The GAP action is essential for avoiding response saturation and for achieving temporal resolution dictated by individual physiological reactions (Ross, 2008). Most well-characterized GAPs for heterotrimeric G proteins belong to the regulator of G protein signaling (RGS) family, consisting of 20 canonical members in mammals (Dohlman and Thorner, 1997; Tesmer, 2009). RGS proteins bind to active G_ proteins and facilitate their GTPase activity, thereby accelerating the termination of G protein signaling (Berman et al., 1996b; Hunt et al., 1996; Ross and Wilkie, 2000; Saitoh et al., 1997; Watson et al., 1996). It is now well established that this action of RGS proteins is crucial for achieving the physiologically relevant timing and extent of GPCR signaling (Hollinger and Hepler, 2002; Kimple et al., 2011; Neubig, 2015). Accordingly, the loss of RGS-mediated control leads to a range of pathologies observed in mouse models (Bansal et al., 2007; Gaspari et al., 2018; Lee et al., 2010; Senese et al., 2020) and is increasingly associated with human diseases (Shamseldin et al., 2016; Squires et al., 2018). Studies in several members of the RGS family indicate that they exert considerable selectivity in recognizing G_ (Heximer et al., 1997; Snow et al., 1998; Soundararajan et al., 2008; Tesmer, 2009; Wang et al., 1998). There has been significant progress documenting cases of selective RGS-G_ interactions (Hollinger and Hepler, 2002), analyzing the structural basis for this selectivity (Soundararajan et al., 2008; Taylor et al., 2016), and mapping amino acid residues involved in specific recognition (Kimple et al., 2009; Kosloff et al., 2011). Although these studies provide insights into the selectivity of RGS action for isolated cases, a comprehensive understanding of the complete landscape of G_ preferences of RGS proteins is still lacking.
This study presents a map of G_ selectivity for all canonical RGS proteins. We monitored the temporal regulation of GPCR-mediated G protein signaling and quantitatively characterized the GAP activity of the RGS proteins, testing nearly all of the theoretically possible G_-RGS pairings (300 combinations). Using the functional activity as a readout in the context of a physiologically relevant cellular environment allowed us ot document the preferences of RGS proteins for G_ substrates, revealing pairings and disallowed combinations. This information led to the identification of molecular determinants involved in the selectivity of G_-RGS recognition. Applying computational algorithms, we also show how these determinants have evolved and can be used to create designer RGS proteins with novel selectivity profiles. Analysis of human genomic data further suggests that genetic variations in RGS selectivity determinants may contribute to non-disease traits, pathological dysregulation of GPCR signaling, and variable responsiveness to drug treatments.","I would rate this paragraph as a 5 out of 5 in terms of addressing a knowledge gap and stating a thesis or research statement.

The paragraph provides a detailed background on the role of GTPase-activating proteins (GAPs), specifically the regulator of G protein signaling (RGS) family, in regulating G protein signaling. It highlights the importance of RGS-mediated control for achieving physiologically relevant timing and extent of GPCR signaling, as well as its association with various pathologies.

However, the paragraph then transitions to discussing the selectivity of RGS action towards different G proteins, citing studies that have analyzed specific cases of selective interactions between RGS proteins and G proteins. The key sentence that indicates a knowledge gap is:

""Although these studies provide insights into the selectivity of RGS action for isolated cases, a comprehensive understanding of the complete landscape of G_ preferences of RGS proteins is still lacking.""

This sentence explicitly states that there is a knowledge gap in our understanding of how different RGS proteins interact with various G proteins. The use of phrases such as ""comprehensive understanding"" and ""complete landscape"" suggests that the author is aware of the need for a more systematic and thorough investigation into this area.

Therefore, I would rate this paragraph as 5 out of 5 in terms of addressing a knowledge gap and stating a thesis or research statement."
Is the final paragraph providing a small overview of the results and conclusions? Please rate it out of 5.,"This study presents a map of G_ selectivity for all canonical RGS proteins. We monitored the temporal regulation of GPCR-mediated G protein signaling and quantitatively characterized the GAP activity of the RGS proteins, testing nearly all of the theoretically possible G_-RGS pairings (300 combinations). Using the functional activity as a readout in the context of a physiologically relevant cellular environment allowed us ot document the preferences of RGS proteins for G_ substrates, revealing pairings and disallowed combinations. This information led to the identification of molecular determinants involved in the selectivity of G_-RGS recognition. Applying computational algorithms, we also show how these determinants have evolved and can be used to create designer RGS proteins with novel selectivity profiles. Analysis of human genomic data further suggests that genetic variations in RGS selectivity determinants may contribute to non-disease traits, pathological dysregulation of GPCR signaling, and variable responsiveness to drug treatments.","Heterotrimeric G proteins transduce a vast variety of extracellular stimuli, including hormones, ions, organic molecules, and light into the regulation of intracellular �effectors� to generate cellular responses (Neves et al., 2002). Collectively, G protein systems play a role in nearly every physiological process and in numerous pathologies (Heng et al., 2013; Kostenis et al., 2020; O�Hayre et al., 2014; Wang et al., 2018). G proteins are activated by the binding of GTP to the _ subunits (G_) that release them from inhibitory occlusion by the __ dimer (G__) (Glukhova et al., 2018; Lambert, 2008; Oldham et al., 2006; Syrovatkina et al., 2016). Mammalian genomes encode a conserved set of 16 G_ subunits, each possessing unique signaling properties and the ability to selectively engage a distinct set of effectors, including adenylate cyclases, phospholipase C isozymes, Rho guanine nucleotide exchange factors (GEFs), and ion channels (Hubbard and Hepler, 2006; Marinissen and Gutkind, 2001; Wettschureck and Offermanns, 2005).
The key determinant of G protein action in cells is their lifetime in an active state. Thus, the activation and deactivation of G proteins is tightly controlled and ought to occur with selectivity for individual G proteins to ensure the selectivity of downstream signaling (Siderovski and Willard, 2005; Syrovatkina et al., 2016; Wettschureck and Offermanns, 2005). Deciphering molecular mechanisms of this selectivity is of paramount importance for understanding how the signals are routed in the cells. A number of G protein activators have been described and demonstrated to act as GEFs on the G_ subunits with clear subtype selectivity (Cismowski et al., 1999; Garcia-Marcos et al., 2011; Tall et al., 2003). Among them, the largest class is the G protein-coupled receptor (GPCR) family (Fredriksson et al., 2003; Hilger et al., 2018; Mahoney and Sunahara, 2016). GPCRs exhibit clear preferences for activating particular G_ species, and there has been tremendous progress in understanding the molecular mechanisms in establishing this selectivity (Flock et al., 2017; Inoue et al., 2019; Masuho et al., 2015b; Okashah et al., 2019).
The opposing process of G protein deactivation occurs when G proteins hydrolyze guanosine triphosphate (GTP), a process assisted by the action of the GTPase-activating proteins (GAPs). The GAP action is essential for avoiding response saturation and for achieving temporal resolution dictated by individual physiological reactions (Ross, 2008). Most well-characterized GAPs for heterotrimeric G proteins belong to the regulator of G protein signaling (RGS) family, consisting of 20 canonical members in mammals (Dohlman and Thorner, 1997; Tesmer, 2009). RGS proteins bind to active G_ proteins and facilitate their GTPase activity, thereby accelerating the termination of G protein signaling (Berman et al., 1996b; Hunt et al., 1996; Ross and Wilkie, 2000; Saitoh et al., 1997; Watson et al., 1996). It is now well established that this action of RGS proteins is crucial for achieving the physiologically relevant timing and extent of GPCR signaling (Hollinger and Hepler, 2002; Kimple et al., 2011; Neubig, 2015). Accordingly, the loss of RGS-mediated control leads to a range of pathologies observed in mouse models (Bansal et al., 2007; Gaspari et al., 2018; Lee et al., 2010; Senese et al., 2020) and is increasingly associated with human diseases (Shamseldin et al., 2016; Squires et al., 2018). Studies in several members of the RGS family indicate that they exert considerable selectivity in recognizing G_ (Heximer et al., 1997; Snow et al., 1998; Soundararajan et al., 2008; Tesmer, 2009; Wang et al., 1998). There has been significant progress documenting cases of selective RGS-G_ interactions (Hollinger and Hepler, 2002), analyzing the structural basis for this selectivity (Soundararajan et al., 2008; Taylor et al., 2016), and mapping amino acid residues involved in specific recognition (Kimple et al., 2009; Kosloff et al., 2011). Although these studies provide insights into the selectivity of RGS action for isolated cases, a comprehensive understanding of the complete landscape of G_ preferences of RGS proteins is still lacking.
This study presents a map of G_ selectivity for all canonical RGS proteins. We monitored the temporal regulation of GPCR-mediated G protein signaling and quantitatively characterized the GAP activity of the RGS proteins, testing nearly all of the theoretically possible G_-RGS pairings (300 combinations). Using the functional activity as a readout in the context of a physiologically relevant cellular environment allowed us ot document the preferences of RGS proteins for G_ substrates, revealing pairings and disallowed combinations. This information led to the identification of molecular determinants involved in the selectivity of G_-RGS recognition. Applying computational algorithms, we also show how these determinants have evolved and can be used to create designer RGS proteins with novel selectivity profiles. Analysis of human genomic data further suggests that genetic variations in RGS selectivity determinants may contribute to non-disease traits, pathological dysregulation of GPCR signaling, and variable responsiveness to drug treatments.","No, the final paragraph is not providing a small overview of the results and conclusions.

I would rate it 0 out of 5 for this purpose. The last paragraph is actually discussing potential applications and implications of the study's findings, rather than summarizing or concluding the research itself. It provides more context and speculation about the broader significance of the study, but does not provide a concise summary of what was found.

A good final paragraph providing an overview of results and conclusions might look something like: ""In conclusion, our study demonstrates that RGS proteins exhibit specific selectivity for G protein substrates, with certain pairings being favored over others. This specificity is determined by molecular interactions between the RGS protein and its target G protein. Our findings have implications for understanding GPCR signaling in human physiology and disease."""
"Based on your ratings above, could you find the sentences from all the paragraphs due to which you have given low ratings, and what changes can be made to these sentences?","Heterotrimeric G proteins transduce a vast variety of extracellular stimuli, including hormones, ions, organic molecules, and light into the regulation of intracellular �effectors� to generate cellular responses (Neves et al., 2002). Collectively, G protein systems play a role in nearly every physiological process and in numerous pathologies (Heng et al., 2013; Kostenis et al., 2020; O�Hayre et al., 2014; Wang et al., 2018). G proteins are activated by the binding of GTP to the _ subunits (G_) that release them from inhibitory occlusion by the __ dimer (G__) (Glukhova et al., 2018; Lambert, 2008; Oldham et al., 2006; Syrovatkina et al., 2016). Mammalian genomes encode a conserved set of 16 G_ subunits, each possessing unique signaling properties and the ability to selectively engage a distinct set of effectors, including adenylate cyclases, phospholipase C isozymes, Rho guanine nucleotide exchange factors (GEFs), and ion channels (Hubbard and Hepler, 2006; Marinissen and Gutkind, 2001; Wettschureck and Offermanns, 2005).
The key determinant of G protein action in cells is their lifetime in an active state. Thus, the activation and deactivation of G proteins is tightly controlled and ought to occur with selectivity for individual G proteins to ensure the selectivity of downstream signaling (Siderovski and Willard, 2005; Syrovatkina et al., 2016; Wettschureck and Offermanns, 2005). Deciphering molecular mechanisms of this selectivity is of paramount importance for understanding how the signals are routed in the cells. A number of G protein activators have been described and demonstrated to act as GEFs on the G_ subunits with clear subtype selectivity (Cismowski et al., 1999; Garcia-Marcos et al., 2011; Tall et al., 2003). Among them, the largest class is the G protein-coupled receptor (GPCR) family (Fredriksson et al., 2003; Hilger et al., 2018; Mahoney and Sunahara, 2016). GPCRs exhibit clear preferences for activating particular G_ species, and there has been tremendous progress in understanding the molecular mechanisms in establishing this selectivity (Flock et al., 2017; Inoue et al., 2019; Masuho et al., 2015b; Okashah et al., 2019).
The opposing process of G protein deactivation occurs when G proteins hydrolyze guanosine triphosphate (GTP), a process assisted by the action of the GTPase-activating proteins (GAPs). The GAP action is essential for avoiding response saturation and for achieving temporal resolution dictated by individual physiological reactions (Ross, 2008). Most well-characterized GAPs for heterotrimeric G proteins belong to the regulator of G protein signaling (RGS) family, consisting of 20 canonical members in mammals (Dohlman and Thorner, 1997; Tesmer, 2009). RGS proteins bind to active G_ proteins and facilitate their GTPase activity, thereby accelerating the termination of G protein signaling (Berman et al., 1996b; Hunt et al., 1996; Ross and Wilkie, 2000; Saitoh et al., 1997; Watson et al., 1996). It is now well established that this action of RGS proteins is crucial for achieving the physiologically relevant timing and extent of GPCR signaling (Hollinger and Hepler, 2002; Kimple et al., 2011; Neubig, 2015). Accordingly, the loss of RGS-mediated control leads to a range of pathologies observed in mouse models (Bansal et al., 2007; Gaspari et al., 2018; Lee et al., 2010; Senese et al., 2020) and is increasingly associated with human diseases (Shamseldin et al., 2016; Squires et al., 2018). Studies in several members of the RGS family indicate that they exert considerable selectivity in recognizing G_ (Heximer et al., 1997; Snow et al., 1998; Soundararajan et al., 2008; Tesmer, 2009; Wang et al., 1998). There has been significant progress documenting cases of selective RGS-G_ interactions (Hollinger and Hepler, 2002), analyzing the structural basis for this selectivity (Soundararajan et al., 2008; Taylor et al., 2016), and mapping amino acid residues involved in specific recognition (Kimple et al., 2009; Kosloff et al., 2011). Although these studies provide insights into the selectivity of RGS action for isolated cases, a comprehensive understanding of the complete landscape of G_ preferences of RGS proteins is still lacking.
This study presents a map of G_ selectivity for all canonical RGS proteins. We monitored the temporal regulation of GPCR-mediated G protein signaling and quantitatively characterized the GAP activity of the RGS proteins, testing nearly all of the theoretically possible G_-RGS pairings (300 combinations). Using the functional activity as a readout in the context of a physiologically relevant cellular environment allowed us ot document the preferences of RGS proteins for G_ substrates, revealing pairings and disallowed combinations. This information led to the identification of molecular determinants involved in the selectivity of G_-RGS recognition. Applying computational algorithms, we also show how these determinants have evolved and can be used to create designer RGS proteins with novel selectivity profiles. Analysis of human genomic data further suggests that genetic variations in RGS selectivity determinants may contribute to non-disease traits, pathological dysregulation of GPCR signaling, and variable responsiveness to drug treatments.","Heterotrimeric G proteins transduce a vast variety of extracellular stimuli, including hormones, ions, organic molecules, and light into the regulation of intracellular �effectors� to generate cellular responses (Neves et al., 2002). Collectively, G protein systems play a role in nearly every physiological process and in numerous pathologies (Heng et al., 2013; Kostenis et al., 2020; O�Hayre et al., 2014; Wang et al., 2018). G proteins are activated by the binding of GTP to the _ subunits (G_) that release them from inhibitory occlusion by the __ dimer (G__) (Glukhova et al., 2018; Lambert, 2008; Oldham et al., 2006; Syrovatkina et al., 2016). Mammalian genomes encode a conserved set of 16 G_ subunits, each possessing unique signaling properties and the ability to selectively engage a distinct set of effectors, including adenylate cyclases, phospholipase C isozymes, Rho guanine nucleotide exchange factors (GEFs), and ion channels (Hubbard and Hepler, 2006; Marinissen and Gutkind, 2001; Wettschureck and Offermanns, 2005).
The key determinant of G protein action in cells is their lifetime in an active state. Thus, the activation and deactivation of G proteins is tightly controlled and ought to occur with selectivity for individual G proteins to ensure the selectivity of downstream signaling (Siderovski and Willard, 2005; Syrovatkina et al., 2016; Wettschureck and Offermanns, 2005). Deciphering molecular mechanisms of this selectivity is of paramount importance for understanding how the signals are routed in the cells. A number of G protein activators have been described and demonstrated to act as GEFs on the G_ subunits with clear subtype selectivity (Cismowski et al., 1999; Garcia-Marcos et al., 2011; Tall et al., 2003). Among them, the largest class is the G protein-coupled receptor (GPCR) family (Fredriksson et al., 2003; Hilger et al., 2018; Mahoney and Sunahara, 2016). GPCRs exhibit clear preferences for activating particular G_ species, and there has been tremendous progress in understanding the molecular mechanisms in establishing this selectivity (Flock et al., 2017; Inoue et al., 2019; Masuho et al., 2015b; Okashah et al., 2019).
The opposing process of G protein deactivation occurs when G proteins hydrolyze guanosine triphosphate (GTP), a process assisted by the action of the GTPase-activating proteins (GAPs). The GAP action is essential for avoiding response saturation and for achieving temporal resolution dictated by individual physiological reactions (Ross, 2008). Most well-characterized GAPs for heterotrimeric G proteins belong to the regulator of G protein signaling (RGS) family, consisting of 20 canonical members in mammals (Dohlman and Thorner, 1997; Tesmer, 2009). RGS proteins bind to active G_ proteins and facilitate their GTPase activity, thereby accelerating the termination of G protein signaling (Berman et al., 1996b; Hunt et al., 1996; Ross and Wilkie, 2000; Saitoh et al., 1997; Watson et al., 1996). It is now well established that this action of RGS proteins is crucial for achieving the physiologically relevant timing and extent of GPCR signaling (Hollinger and Hepler, 2002; Kimple et al., 2011; Neubig, 2015). Accordingly, the loss of RGS-mediated control leads to a range of pathologies observed in mouse models (Bansal et al., 2007; Gaspari et al., 2018; Lee et al., 2010; Senese et al., 2020) and is increasingly associated with human diseases (Shamseldin et al., 2016; Squires et al., 2018). Studies in several members of the RGS family indicate that they exert considerable selectivity in recognizing G_ (Heximer et al., 1997; Snow et al., 1998; Soundararajan et al., 2008; Tesmer, 2009; Wang et al., 1998). There has been significant progress documenting cases of selective RGS-G_ interactions (Hollinger and Hepler, 2002), analyzing the structural basis for this selectivity (Soundararajan et al., 2008; Taylor et al., 2016), and mapping amino acid residues involved in specific recognition (Kimple et al., 2009; Kosloff et al., 2011). Although these studies provide insights into the selectivity of RGS action for isolated cases, a comprehensive understanding of the complete landscape of G_ preferences of RGS proteins is still lacking.
This study presents a map of G_ selectivity for all canonical RGS proteins. We monitored the temporal regulation of GPCR-mediated G protein signaling and quantitatively characterized the GAP activity of the RGS proteins, testing nearly all of the theoretically possible G_-RGS pairings (300 combinations). Using the functional activity as a readout in the context of a physiologically relevant cellular environment allowed us ot document the preferences of RGS proteins for G_ substrates, revealing pairings and disallowed combinations. This information led to the identification of molecular determinants involved in the selectivity of G_-RGS recognition. Applying computational algorithms, we also show how these determinants have evolved and can be used to create designer RGS proteins with novel selectivity profiles. Analysis of human genomic data further suggests that genetic variations in RGS selectivity determinants may contribute to non-disease traits, pathological dysregulation of GPCR signaling, and variable responsiveness to drug treatments.","Based on the provided text, I have identified two sentences that contributed to low ratings:

1. **Sentence:** ""A number of G protein activators have been described and demonstrated to act as GEFs on the G_ subunits with clear subtype selectivity (Cismowski et al., 1999; Garcia-Marcos et al., 2011; Tall et al., 2003).""
**Reason for low rating:** This sentence is a list of references without providing any context or explanation. It seems like an attempt to cram in as many relevant studies as possible, but it doesn't contribute much value to the reader.
**Suggested change:** Consider rephrasing this sentence to provide a brief summary of the key findings from these studies, or integrate them into the surrounding text with more context.

2. **Sentence:** ""Analysis of human genomic data further suggests that genetic variations in RGS selectivity determinants may contribute to non-disease traits, pathological dysregulation of GPCR signaling, and variable responsiveness to drug treatments.""
**Reason for low rating:** This sentence feels like an afterthought or a tacked-on conclusion. It's not entirely clear how this relates to the rest of the text or what specific insights it provides.
**Suggested change:** Consider integrating this idea more smoothly into the surrounding text, perhaps by connecting it to the study's findings or implications for human health.

These suggestions aim to improve the clarity and flow of the text while maintaining its scientific accuracy."
"Please highlight the sections or sentences that need to be changed according to you, and also the parts that do not need to be present in the introduction, and rather in the other sections like - Methods, Result, Discussion","Heterotrimeric G proteins transduce a vast variety of extracellular stimuli, including hormones, ions, organic molecules, and light into the regulation of intracellular �effectors� to generate cellular responses (Neves et al., 2002). Collectively, G protein systems play a role in nearly every physiological process and in numerous pathologies (Heng et al., 2013; Kostenis et al., 2020; O�Hayre et al., 2014; Wang et al., 2018). G proteins are activated by the binding of GTP to the _ subunits (G_) that release them from inhibitory occlusion by the __ dimer (G__) (Glukhova et al., 2018; Lambert, 2008; Oldham et al., 2006; Syrovatkina et al., 2016). Mammalian genomes encode a conserved set of 16 G_ subunits, each possessing unique signaling properties and the ability to selectively engage a distinct set of effectors, including adenylate cyclases, phospholipase C isozymes, Rho guanine nucleotide exchange factors (GEFs), and ion channels (Hubbard and Hepler, 2006; Marinissen and Gutkind, 2001; Wettschureck and Offermanns, 2005).
The key determinant of G protein action in cells is their lifetime in an active state. Thus, the activation and deactivation of G proteins is tightly controlled and ought to occur with selectivity for individual G proteins to ensure the selectivity of downstream signaling (Siderovski and Willard, 2005; Syrovatkina et al., 2016; Wettschureck and Offermanns, 2005). Deciphering molecular mechanisms of this selectivity is of paramount importance for understanding how the signals are routed in the cells. A number of G protein activators have been described and demonstrated to act as GEFs on the G_ subunits with clear subtype selectivity (Cismowski et al., 1999; Garcia-Marcos et al., 2011; Tall et al., 2003). Among them, the largest class is the G protein-coupled receptor (GPCR) family (Fredriksson et al., 2003; Hilger et al., 2018; Mahoney and Sunahara, 2016). GPCRs exhibit clear preferences for activating particular G_ species, and there has been tremendous progress in understanding the molecular mechanisms in establishing this selectivity (Flock et al., 2017; Inoue et al., 2019; Masuho et al., 2015b; Okashah et al., 2019).
The opposing process of G protein deactivation occurs when G proteins hydrolyze guanosine triphosphate (GTP), a process assisted by the action of the GTPase-activating proteins (GAPs). The GAP action is essential for avoiding response saturation and for achieving temporal resolution dictated by individual physiological reactions (Ross, 2008). Most well-characterized GAPs for heterotrimeric G proteins belong to the regulator of G protein signaling (RGS) family, consisting of 20 canonical members in mammals (Dohlman and Thorner, 1997; Tesmer, 2009). RGS proteins bind to active G_ proteins and facilitate their GTPase activity, thereby accelerating the termination of G protein signaling (Berman et al., 1996b; Hunt et al., 1996; Ross and Wilkie, 2000; Saitoh et al., 1997; Watson et al., 1996). It is now well established that this action of RGS proteins is crucial for achieving the physiologically relevant timing and extent of GPCR signaling (Hollinger and Hepler, 2002; Kimple et al., 2011; Neubig, 2015). Accordingly, the loss of RGS-mediated control leads to a range of pathologies observed in mouse models (Bansal et al., 2007; Gaspari et al., 2018; Lee et al., 2010; Senese et al., 2020) and is increasingly associated with human diseases (Shamseldin et al., 2016; Squires et al., 2018). Studies in several members of the RGS family indicate that they exert considerable selectivity in recognizing G_ (Heximer et al., 1997; Snow et al., 1998; Soundararajan et al., 2008; Tesmer, 2009; Wang et al., 1998). There has been significant progress documenting cases of selective RGS-G_ interactions (Hollinger and Hepler, 2002), analyzing the structural basis for this selectivity (Soundararajan et al., 2008; Taylor et al., 2016), and mapping amino acid residues involved in specific recognition (Kimple et al., 2009; Kosloff et al., 2011). Although these studies provide insights into the selectivity of RGS action for isolated cases, a comprehensive understanding of the complete landscape of G_ preferences of RGS proteins is still lacking.
This study presents a map of G_ selectivity for all canonical RGS proteins. We monitored the temporal regulation of GPCR-mediated G protein signaling and quantitatively characterized the GAP activity of the RGS proteins, testing nearly all of the theoretically possible G_-RGS pairings (300 combinations). Using the functional activity as a readout in the context of a physiologically relevant cellular environment allowed us ot document the preferences of RGS proteins for G_ substrates, revealing pairings and disallowed combinations. This information led to the identification of molecular determinants involved in the selectivity of G_-RGS recognition. Applying computational algorithms, we also show how these determinants have evolved and can be used to create designer RGS proteins with novel selectivity profiles. Analysis of human genomic data further suggests that genetic variations in RGS selectivity determinants may contribute to non-disease traits, pathological dysregulation of GPCR signaling, and variable responsiveness to drug treatments.","Heterotrimeric G proteins transduce a vast variety of extracellular stimuli, including hormones, ions, organic molecules, and light into the regulation of intracellular �effectors� to generate cellular responses (Neves et al., 2002). Collectively, G protein systems play a role in nearly every physiological process and in numerous pathologies (Heng et al., 2013; Kostenis et al., 2020; O�Hayre et al., 2014; Wang et al., 2018). G proteins are activated by the binding of GTP to the _ subunits (G_) that release them from inhibitory occlusion by the __ dimer (G__) (Glukhova et al., 2018; Lambert, 2008; Oldham et al., 2006; Syrovatkina et al., 2016). Mammalian genomes encode a conserved set of 16 G_ subunits, each possessing unique signaling properties and the ability to selectively engage a distinct set of effectors, including adenylate cyclases, phospholipase C isozymes, Rho guanine nucleotide exchange factors (GEFs), and ion channels (Hubbard and Hepler, 2006; Marinissen and Gutkind, 2001; Wettschureck and Offermanns, 2005).
The key determinant of G protein action in cells is their lifetime in an active state. Thus, the activation and deactivation of G proteins is tightly controlled and ought to occur with selectivity for individual G proteins to ensure the selectivity of downstream signaling (Siderovski and Willard, 2005; Syrovatkina et al., 2016; Wettschureck and Offermanns, 2005). Deciphering molecular mechanisms of this selectivity is of paramount importance for understanding how the signals are routed in the cells. A number of G protein activators have been described and demonstrated to act as GEFs on the G_ subunits with clear subtype selectivity (Cismowski et al., 1999; Garcia-Marcos et al., 2011; Tall et al., 2003). Among them, the largest class is the G protein-coupled receptor (GPCR) family (Fredriksson et al., 2003; Hilger et al., 2018; Mahoney and Sunahara, 2016). GPCRs exhibit clear preferences for activating particular G_ species, and there has been tremendous progress in understanding the molecular mechanisms in establishing this selectivity (Flock et al., 2017; Inoue et al., 2019; Masuho et al., 2015b; Okashah et al., 2019).
The opposing process of G protein deactivation occurs when G proteins hydrolyze guanosine triphosphate (GTP), a process assisted by the action of the GTPase-activating proteins (GAPs). The GAP action is essential for avoiding response saturation and for achieving temporal resolution dictated by individual physiological reactions (Ross, 2008). Most well-characterized GAPs for heterotrimeric G proteins belong to the regulator of G protein signaling (RGS) family, consisting of 20 canonical members in mammals (Dohlman and Thorner, 1997; Tesmer, 2009). RGS proteins bind to active G_ proteins and facilitate their GTPase activity, thereby accelerating the termination of G protein signaling (Berman et al., 1996b; Hunt et al., 1996; Ross and Wilkie, 2000; Saitoh et al., 1997; Watson et al., 1996). It is now well established that this action of RGS proteins is crucial for achieving the physiologically relevant timing and extent of GPCR signaling (Hollinger and Hepler, 2002; Kimple et al., 2011; Neubig, 2015). Accordingly, the loss of RGS-mediated control leads to a range of pathologies observed in mouse models (Bansal et al., 2007; Gaspari et al., 2018; Lee et al., 2010; Senese et al., 2020) and is increasingly associated with human diseases (Shamseldin et al., 2016; Squires et al., 2018). Studies in several members of the RGS family indicate that they exert considerable selectivity in recognizing G_ (Heximer et al., 1997; Snow et al., 1998; Soundararajan et al., 2008; Tesmer, 2009; Wang et al., 1998). There has been significant progress documenting cases of selective RGS-G_ interactions (Hollinger and Hepler, 2002), analyzing the structural basis for this selectivity (Soundararajan et al., 2008; Taylor et al., 2016), and mapping amino acid residues involved in specific recognition (Kimple et al., 2009; Kosloff et al., 2011). Although these studies provide insights into the selectivity of RGS action for isolated cases, a comprehensive understanding of the complete landscape of G_ preferences of RGS proteins is still lacking.
This study presents a map of G_ selectivity for all canonical RGS proteins. We monitored the temporal regulation of GPCR-mediated G protein signaling and quantitatively characterized the GAP activity of the RGS proteins, testing nearly all of the theoretically possible G_-RGS pairings (300 combinations). Using the functional activity as a readout in the context of a physiologically relevant cellular environment allowed us ot document the preferences of RGS proteins for G_ substrates, revealing pairings and disallowed combinations. This information led to the identification of molecular determinants involved in the selectivity of G_-RGS recognition. Applying computational algorithms, we also show how these determinants have evolved and can be used to create designer RGS proteins with novel selectivity profiles. Analysis of human genomic data further suggests that genetic variations in RGS selectivity determinants may contribute to non-disease traits, pathological dysregulation of GPCR signaling, and variable responsiveness to drug treatments.","After reviewing the text, I've identified sections or sentences that could be improved or moved to other sections:

**Introduction:**

* The first sentence is a general statement about heterotrimeric G proteins. While it's true, it's not particularly specific or attention-grabbing.
* The second sentence mentions the role of G protein systems in nearly every physiological process and numerous pathologies. This could be moved to the Discussion section as a summary point.

**Highlighted sentences that need to be changed:**

1. ""Collectively, G protein systems play a role in nearly every physiological process and in numerous pathologies (Heng et al., 2013; Kostenis et al., 2020; O�Hayre et al., 2014; Wang et al., 2018)."" → Move to Discussion section as a summary point.
2. ""The key determinant of G protein action in cells is their lifetime in an active state."" → This sentence could be rephrased or moved to the Methods section, depending on its relevance.

**Sentences that don't belong in the Introduction:**

1. The detailed explanation of how G proteins are activated and deactivated.
2. The specific examples of G protein activators and GAPs (e.g., RGS family).
3. The discussion about the importance of deciphering molecular mechanisms of selectivity.

These sections could be moved to the Methods, Results, or Discussion sections, depending on their relevance and content.

**Other suggestions:**

1. Consider adding a clear research question or hypothesis in the Introduction.
2. Provide more context for the study's significance and relevance to the field.
3. Use more concise language and avoid overly technical terms unless necessary.

Overall, the text provides a good overview of the topic, but some sections could be reorganized or rewritten for better clarity and flow."
